ID,Tariff_ID,Effective_Date,Expiry_Date,Category,Cargo_Class,Wt_Min,Wt_Max,Dwell_Min,Dwell_Max,Free_Days,Charges_PKR,Charges_Per
336,12,7/6/2026,12/31/2027,AFU,GEN,0,999999,0,3.99999,3,0,Per Day
337,12,7/6/2026,12/31/2027,AFU,GEN,0,50.9999,4,5.99999,3,1230,Per Day
338,12,7/6/2026,12/31/2027,AFU,GEN,0,50.9999,6,10.99999,3,1839,Per Day
339,12,7/6/2026,12/31/2027,AFU,GEN,0,50.9999,11,999999,3,2137,Per Day
340,12,7/6/2026,12/31/2027,AFU,GEN,51,999999,4,5.99999,3,31,Per Kg/Per Day
341,12,7/6/2026,12/31/2027,AFU,GEN,51,999999,6,10.99999,3,62,Per Kg/Per Day
342,12,7/6/2026,12/31/2027,AFU,GEN,51,999999,11,999999,3,87,Per Kg/Per Day
343,12,7/6/2026,12/31/2027,AFU,DGR,0,50.9999,0,2.99999,0,2507,Per Day
344,12,7/6/2026,12/31/2027,AFU,DGR,0,50.9999,3,999999,0,3102,Per Day
345,12,7/6/2026,12/31/2027,AFU,DGR,51,999999,0,2.99999,0,63,Per Kg/Per Day
346,12,7/6/2026,12/31/2027,AFU,DGR,51,999999,3,999999,0,124,Per Kg/Per Day
347,12,7/6/2026,12/31/2027,AFU,2 to 8 Degree Celsius,0,50.9999,0,2.99999,0,2617,Per Day
348,12,7/6/2026,12/31/2027,AFU,2 to 8 Degree Celsius,0,50.9999,3,5.99999,0,3238,Per Day
349,12,7/6/2026,12/31/2027,AFU,2 to 8 Degree Celsius,0,50.9999,6,999999,0,3604,Per Day
350,12,7/6/2026,12/31/2027,AFU,2 to 8 Degree Celsius,51,999999,0,2.99999,0,65,Per Kg/Per Day
351,12,7/6/2026,12/31/2027,AFU,15 to 25 Degree Celsius,0,50.9999,0,2.99999,0,2617,Per Day
352,12,7/6/2026,12/31/2027,AFU,15 to 25 Degree Celsius,0,50.9999,3,5.99999,0,3238,Per Day
353,12,7/6/2026,12/31/2027,AFU,15 to 25 Degree Celsius,0,50.9999,6,999999,0,3604,Per Day
354,12,7/6/2026,12/31/2027,AFU,15 to 25 Degree Celsius,51,999999,0,2.99999,0,65,Per Kg/Per Day
355,12,7/6/2026,12/31/2027,AFU,Freezer,0,50.9999,0,2.99999,0,5419,Per Day
356,12,7/6/2026,12/31/2027,AFU,Freezer,0,50.9999,3,5.99999,0,6761,Per Day
357,12,7/6/2026,12/31/2027,AFU,Freezer,0,50.9999,6,999999,0,8015,Per Day
358,12,7/6/2026,12/31/2027,AFU,Freezer,51,999999,0,2.99999,0,136,Per Kg/Per Day
359,12,7/6/2026,12/31/2027,AFU,VUN,0,50.99999,0,2.99999,0,2507,Per Day
360,12,7/6/2026,12/31/2027,AFU,VUN,0,50.99999,3,999999,0,3102,Per Day
361,12,7/6/2026,12/31/2027,AFU,VUN,51,999999,0,2.99999,0,63,Per Kg/Per Day
362,12,7/6/2026,12/31/2027,AFU,VUN,51,999999,3,999999,0,124,Per Kg/Per Day
363,12,7/6/2026,12/31/2027,AFU,VALUE,0,50.9999,0,3.999999,0,5192,Per Day
364,12,7/6/2026,12/31/2027,AFU,VALUE,0,50.9999,4,999999,0,6477,Per Day
365,12,7/6/2026,12/31/2027,AFU,VALUE,51,999999,0,3.999999,0,130,Per Kg/Per Day
366,12,7/6/2026,12/31/2027,AFU,VALUE,51,999999,4,999999,0,260,Per Kg/Per Day
367,12,7/6/2026,12/31/2027,AFU,IDT,0,50.9999,1,5.99999,0,2621,Per Day
368,12,7/6/2026,12/31/2027,AFU,IDT,0,50.9999,6,10.99999,0,3154,Per Day
369,12,7/6/2026,12/31/2027,AFU,IDT,0,50.9999,11,999999,0,3668,Per Day
370,12,7/6/2026,12/31/2027,AFU,IDT,51,999999,1,5.99999,0,74,Per Kg/Per Day
371,12,7/6/2026,12/31/2027,AFU,IDT,51,999999,6,10.99999,0,85,Per Kg/Per Day
372,12,7/6/2026,12/31/2027,AFU,IDT,51,999999,11,999999,0,105,Per Kg/Per Day
373,12,7/6/2026,12/31/2027,PHARMA,GEN,0,999999,0,5.99999,5,0,Per Day
374,12,7/6/2026,12/31/2027,PHARMA,GEN,0,50.9999,6,7.99999,5,1963,Per Day
375,12,7/6/2026,12/31/2027,PHARMA,GEN,0,50.9999,8,10.99999,5,2545,Per Day
376,12,7/6/2026,12/31/2027,PHARMA,GEN,0,50.9999,11,999999,5,2805,Per Day
377,12,7/6/2026,12/31/2027,PHARMA,GEN,51,999999,6,7.99999,5,34,Per Kg/Per Day
378,12,7/6/2026,12/31/2027,PHARMA,GEN,51,999999,8,10.99999,5,79,Per Kg/Per Day
379,12,7/6/2026,12/31/2027,PHARMA,GEN,51,999999,11,999999,5,101,Per Kg/Per Day
380,12,7/6/2026,12/31/2027,PHARMA,DGR,0,50.99999,0,2.99999,0,3381,Per Day
381,12,7/6/2026,12/31/2027,PHARMA,DGR,0,50.99999,3,999999,0,3944,Per Day
382,12,7/6/2026,12/31/2027,PHARMA,DGR,51,999999,0,2.99999,0,79,Per Kg/Per Day
383,12,7/6/2026,12/31/2027,PHARMA,DGR,51,999999,3,999999,0,135,Per Kg/Per Day
384,12,7/6/2026,12/31/2027,PHARMA,2 to 8 Degree Celsius,0,50.9999,0,2.99999,0,4023,Per Day
385,12,7/6/2026,12/31/2027,PHARMA,2 to 8 Degree Celsius,0,50.9999,3,5.99999,0,4694,Per Day
386,12,7/6/2026,12/31/2027,PHARMA,2 to 8 Degree Celsius,0,50.9999,6,999999,0,5486,Per Day
387,12,7/6/2026,12/31/2027,PHARMA,2 to 8 Degree Celsius,51,999999,0,2.99999,0,94,Per Kg/Per Day
388,12,7/6/2026,12/31/2027,PHARMA,2 to 8 Degree Celsius,51,999999,3,5.99999,0,161,Per Kg/Per Day
389,12,7/6/2026,12/31/2027,PHARMA,2 to 8 Degree Celsius,51,999999,6,999999,0,239,Per Kg/Per Day
390,12,7/6/2026,12/31/2027,PHARMA,15 to 25 Degree Celsius,0,50.9999,0,2.99999,0,4023,Per Day
391,12,7/6/2026,12/31/2027,PHARMA,15 to 25 Degree Celsius,0,50.9999,3,5.99999,0,4694,Per Day
392,12,7/6/2026,12/31/2027,PHARMA,15 to 25 Degree Celsius,0,50.9999,6,999999,0,5486,Per Day
393,12,7/6/2026,12/31/2027,PHARMA,15 to 25 Degree Celsius,51,999999,0,2.99999,0,94,Per Kg/Per Day
394,12,7/6/2026,12/31/2027,PHARMA,15 to 25 Degree Celsius,51,999999,3,5.99999,0,161,Per Kg/Per Day
395,12,7/6/2026,12/31/2027,PHARMA,15 to 25 Degree Celsius,51,999999,6,999999,0,239,Per Kg/Per Day
396,12,7/6/2026,12/31/2027,PHARMA,Freezer,0,50.9999,0,2.99999,0,4023,Per Day
397,12,7/6/2026,12/31/2027,PHARMA,Freezer,0,50.9999,3,5.99999,0,4694,Per Day
398,12,7/6/2026,12/31/2027,PHARMA,Freezer,0,50.9999,6,999999,0,5486,Per Day
399,12,7/6/2026,12/31/2027,PHARMA,Freezer,51,999999,0,2.99999,0,94,Per Kg/Per Day
400,12,7/6/2026,12/31/2027,PHARMA,Freezer,51,999999,3,5.99999,0,161,Per Kg/Per Day
401,12,7/6/2026,12/31/2027,PHARMA,Freezer,51,999999,6,999999,0,283,Per Kg/Per Day
402,12,7/6/2026,12/31/2027,ICG,GEN,0,999999,0,0.59999,0.59999,0,Per Day
403,12,7/6/2026,12/31/2027,ICG,GEN,0,66.9999,1,7.99999,0,3160,Per Day
404,12,7/6/2026,12/31/2027,ICG,GEN,0,66.9999,8,999999,0,3710,Per Day
405,12,7/6/2026,12/31/2027,ICG,GEN,67,999999,1,7.99999,0,53,Per Kg/Per Day
406,12,7/6/2026,12/31/2027,ICG,GEN,67,999999,8,999999,0,63,Per Kg/Per Day
407,12,7/6/2026,12/31/2027,ICG,COU,0,66.99999,0,7.99999,0,3298,Per Day
408,12,7/6/2026,12/31/2027,ICG,COU,0,66.99999,8,999999,0,3872,Per Day
409,12,7/6/2026,12/31/2027,ICG,COU,67,999999,0,7.99999,0,55,Per Kg/Per Day
410,12,7/6/2026,12/31/2027,ICG,COU,67,999999,8,999999,0,66,Per Kg/Per Day
411,12,7/6/2026,12/31/2027,ICG,DGR,0,50.9999,1,2.99999,0,3381,Per Day
412,12,7/6/2026,12/31/2027,ICG,DGR,0,50.9999,3,999999,0,3944,Per Day
413,12,7/6/2026,12/31/2027,ICG,DGR,51,999999,1,2.99999,0,79,Per Kg/Per Day
414,12,7/6/2026,12/31/2027,ICG,DGR,51,999999,3,999999,0,135,Per Kg/Per Day
415,12,7/6/2026,12/31/2027,ICG,VUN,0,50.99999,0,2.99999,0,3381,Per Day
416,12,7/6/2026,12/31/2027,ICG,VUN,0,50.99999,3,999999,0,3944,Per Day
417,12,7/6/2026,12/31/2027,ICG,VUN,51,999999,0,2.99999,0,79,Per Kg/Per Day
418,12,7/6/2026,12/31/2027,ICG,VUN,51,999999,3,999999,0,135,Per Kg/Per Day
419,12,7/6/2026,12/31/2027,ICG,VALUE,0,125.9999,0,7.99999,0,7870,Per Day
420,12,7/6/2026,12/31/2027,ICG,VALUE,0,125.9999,8,999999,0,11263,Per Day
421,12,7/6/2026,12/31/2027,ICG,VALUE,126,999999,0,7.99999,0,90,Per Kg/Per Day
422,12,7/6/2026,12/31/2027,ICG,VALUE,126,999999,8,999999,0,135,Per Kg/Per Day
423,12,7/6/2026,12/31/2027,ICG,IDT,0,20.9999,1,7.99999,0,882,Per Day
424,12,7/6/2026,12/31/2027,ICG,IDT,0,20.9999,8,15.99999,0,1047,Per Day
425,12,7/6/2026,12/31/2027,ICG,IDT,0,20.9999,16,999999,0,1325,Per Day
426,12,7/6/2026,12/31/2027,ICG,IDT,21,999999,1,7.99999,0,63,Per Kg/Per Day
427,12,7/6/2026,12/31/2027,ICG,IDT,21,999999,8,15.99999,0,84,Per Kg/Per Day
428,12,7/6/2026,12/31/2027,ICG,IDT,21,999999,16,999999,0,105,Per Kg/Per Day
429,12,7/6/2026,12/31/2027,ICG,RAD,0,50.9999,1,2.99999,0,3381,Per Day
430,12,7/6/2026,12/31/2027,ICG,RAD,0,50.9999,3,999999,0,3943,Per Day
431,12,7/6/2026,12/31/2027,ICG,RAD,51,999999,1,2.99999,0,79,Per Kg/Per Day
432,12,7/6/2026,12/31/2027,ICG,RAD,51,999999,3,999999,0,135,Per Kg/Per Day
433,12,7/6/2026,12/31/2027,ICG,2 to 8 Degree Celsius,0,999999,0,0.25999,0.25999,0,Per Day
434,12,7/6/2026,12/31/2027,ICG,2 to 8 Degree Celsius,1,50.99999,0.26,999999,0,82,Per Kg /Per Day
435,12,7/6/2026,12/31/2027,ICG,2 to 8 Degree Celsius,51,999999,0.26,999999,0,122,Per Kg /Per Day
436,12,7/6/2026,12/31/2027,ICG,15 to 25 Degree Celsius,0,999999,0,0.25999,0.25999,0,Per Day
437,12,7/6/2026,12/31/2027,ICG,15 to 25 Degree Celsius,1,50.99999,0.26,999999,0,82,Per Kg /Per Day
438,12,7/6/2026,12/31/2027,ICG,Freezer,0,999999,0,0.25999,0.25999,0,Per Day
439,12,7/6/2026,12/31/2027,ICG,Freezer,1,50.99999,0.26,999999,0,82,Per Kg/Per Day
440,12,7/6/2026,12/31/2027,AFU,15 to 25 Degree Celsius,51,999999,3,5.99999,0,130,Per Kg/Per Day
441,12,7/6/2026,12/31/2027,AFU,15 to 25 Degree Celsius,51,999999,6,999999,0,193,Per Kg/Per Day
442,12,7/6/2026,12/31/2027,AFU,2 to 8 Degree Celsius,51,999999,3,5.99999,0,130,Per Kg/Per Day
443,12,7/6/2026,12/31/2027,AFU,2 to 8 Degree Celsius,51,999999,6,999999,0,193,Per Kg/Per Day
444,12,7/6/2026,12/31/2027,AFU,Freezer,51,999999,3,5.99999,0,271,Per Kg/Per Day
445,12,7/6/2026,12/31/2027,AFU,Freezer,51,999999,6,999999,0,381,Per Kg/Per Day
446,12,7/6/2026,12/31/2027,ICG,Freezer,51,999999,0.26,999999,0,122,Per Kg/Per Day
447,12,7/6/2026,12/31/2027,ICG,15 to 25 Degree Celsius,51,999999,0.26,999999,0,122,Per Kg /Per Day
