ID,Tariff_ID,Effective_Date,Expiry_Date,Category,Cargo_Class,Wt_Min,Wt_Max,Charges_PKR,Charges_Per
228,12,7/6/2026,12/31/2027,AFU,GEN,0,50,4269,NULL
229,12,7/6/2026,12/31/2027,AFU,GEN,51,100,5431,NULL
230,12,7/6/2026,12/31/2027,AFU,GEN,101,200,7259,NULL
231,12,7/6/2026,12/31/2027,AFU,GEN,201,999999,62,Per Kg
232,12,7/6/2026,12/31/2027,AFU,DGR,0,50,4568,NULL
233,12,7/6/2026,12/31/2027,AFU,DGR,51,200,5811,NULL
234,12,7/6/2026,12/31/2027,AFU,DGR,201,999999,65,Per Kg
235,12,7/6/2026,12/31/2027,AFU,2 to 8 Degree Celsius,0,50,6273,NULL
236,12,7/6/2026,12/31/2027,AFU,2 to 8 Degree Celsius,51,200,7982,NULL
237,12,7/6/2026,12/31/2027,AFU,2 to 8 Degree Celsius,201,999999,93,Per Kg
238,12,7/6/2026,12/31/2027,AFU,15 to 25 Degree Celsius,0,50,7321,NULL
239,12,7/6/2026,12/31/2027,AFU,15 to 25 Degree Celsius,51,200,9312,NULL
240,12,7/6/2026,12/31/2027,AFU,15 to 25 Degree Celsius,201,999999,109,Per Kg
241,12,7/6/2026,12/31/2027,AFU,Freezer,0,50,11884,NULL
242,12,7/6/2026,12/31/2027,AFU,Freezer,51,200,14224,NULL
243,12,7/6/2026,12/31/2027,AFU,Freezer,201,999999,194,Per Kg
244,12,7/6/2026,12/31/2027,AFU,VUN,0,50,4568,NULL
245,12,7/6/2026,12/31/2027,AFU,VUN,51,200,5811,NULL
246,12,7/6/2026,12/31/2027,AFU,VUN,201,999999,68,Per Kg
247,12,7/6/2026,12/31/2027,AFU,VALUE,0,50,6490,NULL
248,12,7/6/2026,12/31/2027,AFU,VALUE,51,200,7767,NULL
249,12,7/6/2026,12/31/2027,AFU,VALUE,201,999999,106,Per Kg
250,12,7/6/2026,12/31/2027,PHARMA,GEN,0,50,4042,NULL
251,12,7/6/2026,12/31/2027,PHARMA,GEN,51,100,5141,NULL
252,12,7/6/2026,12/31/2027,PHARMA,GEN,101,200,6878,NULL
253,12,7/6/2026,12/31/2027,PHARMA,GEN,201,999999,38,Per Kg
254,12,7/6/2026,12/31/2027,PHARMA,DGR,0,50,5161,NULL
255,12,7/6/2026,12/31/2027,PHARMA,DGR,51,200,6490,NULL
256,12,7/6/2026,12/31/2027,PHARMA,DGR,201,999999,78,Per Kg
257,12,7/6/2026,12/31/2027,PHARMA,2 to 8 Degree Celsius,0,50,4931,
258,12,7/6/2026,12/31/2027,PHARMA,2 to 8 Degree Celsius,51,200,6313,
259,12,7/6/2026,12/31/2027,PHARMA,2 to 8 Degree Celsius,201,999999,57,Per Kg
260,12,7/6/2026,12/31/2027,PHARMA,15 to 25 Degree Celsius,0,50,5752,
261,12,7/6/2026,12/31/2027,PHARMA,15 to 25 Degree Celsius,51,200,7365,
262,12,7/6/2026,12/31/2027,PHARMA,15 to 25 Degree Celsius,201,999999,67,Per Kg
263,12,7/6/2026,12/31/2027,PHARMA,Freezer,0,50,6574,NULL
264,12,7/6/2026,12/31/2027,PHARMA,Freezer,51,200,8418,NULL
265,12,7/6/2026,12/31/2027,PHARMA,Freezer,201,999999,76,Per Kg
266,12,7/6/2026,12/31/2027,ICG,GEN,0,50,4269,NULL
267,12,7/6/2026,12/31/2027,ICG,GEN,51,100,6065,NULL
268,12,7/6/2026,12/31/2027,ICG,GEN,101,200,9837,NULL
269,12,7/6/2026,12/31/2027,ICG,GEN,201,500,12087,NULL
270,12,7/6/2026,12/31/2027,ICG,GEN,501,999999,37,Per Kg
271,12,7/6/2026,12/31/2027,ICG,COU,0,50,4658,NULL
272,12,7/6/2026,12/31/2027,ICG,COU,51,100,6618,NULL
273,12,7/6/2026,12/31/2027,ICG,COU,101,200,10734,NULL
274,12,7/6/2026,12/31/2027,ICG,COU,201,500,13189,NULL
275,12,7/6/2026,12/31/2027,ICG,COU,501,999999,40,Per Kg
276,12,7/6/2026,12/31/2027,ICG,DGR,0,50,5161,NULL
277,12,7/6/2026,12/31/2027,ICG,DGR,51,200,6490,NULL
278,12,7/6/2026,12/31/2027,ICG,DGR,201,999999,78,Per Kg
279,12,7/6/2026,12/31/2027,ICG,VUN,0,50,5161,NULL
280,12,7/6/2026,12/31/2027,ICG,VUN,51,200,6490,NULL
281,12,7/6/2026,12/31/2027,ICG,VUN,201,999999,78,Per Kg
282,12,7/6/2026,12/31/2027,ICG,VALUE,0,50,10373,NULL
283,12,7/6/2026,12/31/2027,ICG,VALUE,51,200,12934,NULL
284,12,7/6/2026,12/31/2027,ICG,VALUE,201,999999,130,Per Kg
285,12,7/6/2026,12/31/2027,ICG,RAD,0,50,7767,NULL
286,12,7/6/2026,12/31/2027,ICG,RAD,51,999999,156,Per Kg
287,12,7/6/2026,12/31/2027,ICG,2 to 8 Degree Celsius,0,50,7089,NULL
288,12,7/6/2026,12/31/2027,ICG,2 to 8 Degree Celsius,51,200,8913,NULL
289,12,7/6/2026,12/31/2027,ICG,2 to 8 Degree Celsius,201,999999,107,Per Kg
290,12,7/6/2026,12/31/2027,ICG,15 to 25 Degree Celsius,0,50,8270,NULL
291,12,7/6/2026,12/31/2027,ICG,15 to 25 Degree Celsius,51,200,10399,NULL
292,12,7/6/2026,12/31/2027,ICG,15 to 25 Degree Celsius,201,999999,124,Per Kg
293,12,7/6/2026,12/31/2027,ICG,Freezer,0,50,9452,NULL
294,12,7/6/2026,12/31/2027,ICG,Freezer,51,200,11884,NULL
295,12,7/6/2026,12/31/2027,ICG,Freezer,201,999999,142,Per Kg
296,12,7/6/2026,12/31/2027,ICG,BTL,0,999999,35,Per Kg
,,,,,,,, ,
,,,,,,,, ,
